Interviewee,M/F,Age,Where interviewed,When interviewed,Interviewer,Where enslaved,Enslaved Latitude,Enslaved Longitude,Where interviewed,State Where Interviewed,Interview Longitude,Interview Latitude
"Aarons, Charlie",M,Unknown,"Oak Grove, AL",1937-08-04T00:00:00Z,Mary Poole,"Petersberg, VA",37.2279279,-77.4019267,"Oak Grove, AL", AL,-86.29941,33.1917822
"Abercrombie, Anthony ",M,100,"Uniontown, AL",1937-08-04T00:00:00Z,Susie R. O’Brien,"Marion, Bibb county, AL",32.6323536,-87.3191655,"Uniontown, AL", AL,-87.5141687,32.4495804
"Ammond (Ammonds), Molly",F,Unknown,"Eufaula, AL",1937-05-25T00:00:00Z,Gertha Couric,"Eufaula, AL (5 miles west)",31.8912717,-85.233815,"Eufaula, AL", AL,-85.1454876,31.8912717
"Anderson, Charity",F,101,"Toulminville (Mobile), AL",1937-04-23T00:00:00Z,la B. Prine,"Bell's Landing, AL",31.804135,-87.400476,"Toulminville (Mobile), AL", AL,-88.0908335,30.7188003
"Askew, Gus ",M,83,"Eufaula, AL",,Gertha Couric,"Henry county, AL",31.4469377,-85.1894045,"Eufaula, AL", AL,-85.1454876,31.8912717
"Baker, Tom",M,Unknown,,1937-05-20T00:00:00Z,Susie R. O’Brien,"Perry county, AL",32.598888,-87.3016132,,,,
"Barnes, Henry",M,78,"Prichard, Mobile, AL",1937-06-11T00:00:00Z,Ila B. Prine,"Suggsville, Clarke County, AL",31.5896041,-87.693051,"Prichard, Mobile, AL",AL,-88.0788889,30.7387998
"Beauchamp, Nathan ",M,Unknown,"Eufaula, AL",1937-05-14T00:00:00Z,Gertha Couric,"White Oak, AL",31.7709854,-85.1602505,"Eufaula, AL", AL,-85.1454876,31.8912717
"Bell, Oliver",M,Unknown,"Livingston, AL",1937-06-17T00:00:00Z,Ruby Pickens Tartt,Livingston-Boyd Road,32.6195797,-88.1872475,"Livingston, AL", AL,-88.1872475,32.5843025
"Birdsong, Nelson",M,Unknown,"Summerville (Mobile), AL",1937-05-05T00:00:00Z,Ila B. Prine,"Montgomery Hill, Baldwin County, AL",31.159114,-87.792926,"Summerville (Mobile), AL", AL,-88.1035078,30.725516
"Bishop, Ank",M,89,"Livingston, AL",1937-06-08T00:00:00Z,Ruby Pickens Tartt,"Ward, AL",32.3622218,-88.2782311,"Livingston, AL", AL,-88.1872475,32.5843025
"Bonner, Siney",F,Unknown,"Norwood (Birmingham), AL",1937-05-07T00:00:00Z,W. F. Jordan,"Pickensville, AL",33.227345,-88.2664225,"Norwood (Birmingham), AL", AL,-86.80249,33.5206608
"Bowen, Jennie",F,89,"Mobile, AL",1937-06-04T00:00:00Z,Mary Poole,"Camden, AL",31.9909813,-87.2905456,"Mobile, AL", AL,-88.1803557,30.6964406
"Bradfield, Nannie",F,85,"Uniontown, AL",1937-08-16T00:00:00Z,Susie R. O’Brien,"Uniontown, AL",32.4495804,-87.5141687,"Uniontown, AL", AL,-87.5141687,32.4495804
"Bradley, Martha",F,100,"Montgomery, AL",1937-05-04T00:00:00Z,Mabel Farrior,"Mt Meigs (Montgomery, AL)",32.3626393,-86.1019068,"Montgomery, AL", AL,-86.2999689,32.3668052
"Brown, Allen",M,Unknown,"Eufaula, AL",,Gertha Couric,VA,37.4315734,-78.6568942,"Eufaula, AL", AL,-85.1454876,31.8912717
"Brown, Gus",M,Unknown,"Birmingham, AL",1937-05-05T00:00:00Z,Alexander B. Johnson,"Richmond, VA",37.5407246,-77.4360481,"Birmingham, AL", AL,-86.8939318,33.514956
"Calloway, Walter",M,89,"Avenue F, Birmingham, AL",1937-06-10T00:00:00Z,W. F. Jordan,"Richmond, VA",37.5407246,-77.4360481,"Birmingham, AL", AL,-86.8939318,33.514956
"Calloway, Walter",M,89,"Avenue F, Birmingham, AL",1937-06-10T00:00:00Z,W. F. Jordan,"Snowdoun, Montgomery County, AL",32.2415309,-86.2963562,"Birmingham, AL", AL,-86.8939318,33.514956
"Casey,  Esther King",F,Unknown,"801 Washington Ave, Birmingham, AL",1937-06-04T00:00:00Z,Edward F. Harper,"Mobile, AL?",30.6964406,-88.1803557,"Birmingham, AL", AL,-86.848506,33.50048
"Chapman, Amy",F,93,"Livingston, AL",1937-06-17T00:00:00Z,Ruby Pickens Tartt,"5 miles north of Livingston, AL",32.66365647,-88.1621933,"Livingston, AL", AL,-88.1872475,32.5843025
"Chapman, Emma",F,Unknown,"361 Augusta St, Mobile, AL",1937-07-17T00:00:00Z,Mary Poole,"Charleston, SC",32.7764749,-79.9310512,"Mobile, AL", AL,-88.0439955,30.6802559
"Cheatam, Henry",M,86,"Marysville, Mobile, AL",1937-06-08T00:00:00Z,Ila B. Prine,"West Point, MS",33.6076186,-88.6503254,"Marysville, Mobile, AL",AL,-88.110516,30.660537
"Clark, Laura",F,86,"Livingston, AL",1937-07-15T00:00:00Z,Ruby Pickens Tartt,NC,35.7595731,-79.0192997,"Livingston, AL", AL,-88.1872475,32.5843025
"Clark, Laura",F,86,"Livingston, AL",1937-07-15T00:00:00Z,Ruby Pickens Tartt,"8 miles north of Livingston, AL",32.700808,-88.16733478,"Livingston, AL", AL,-88.1872475,32.5843025
"Clayton, Hattie",F,Unknown,"Opelika, AL",1937-05-27T00:00:00Z,Preston Klein,"Lafayette, LA",30.2240897,-92.0198427,"Opelika, AL", AL,-85.3782795,32.6454116
"Clemons, Wadley ""Shorty""",M,91,,,G. L. Clark,"(Pine Hill) Jefferson County, GA",33.0740753,-82.4319405,,,,
"Colbert, William",M,92,"Birmingham, AL",1937-05-05T00:00:00Z,John Morgan Smith,"Fort Valley, GA",32.5537585,-83.8874084,"Birmingham, AL", AL,-86.80249,33.5206608
"Collins, Tildy",F,84,"Rabbit Yard Uniontown, AL",1937-06-04T00:00:00Z,Susie R. O'Brien,"Linden, AL",32.3062534,-87.7980665,"Rabbit Yard, Uniontown, AL",AL,-87.5201073,32.4549502
"Colquitt, Sara",F,100,"Opelika, AL",1937-09-09T00:00:00Z,Preston Klein,"Richmond, VA",37.5407246,-77.4360481,"Opelika, AL", AL,-85.3782795,32.6454116
"Colquitt, Sara",F,100,"Opelika, AL",1937-09-09T00:00:00Z,Preston Klein,"Camp Hill, AL",32.8004059,-85.6535659,"Opelika, AL", AL,-85.3782795,32.6454116
"Cosby, Mandy McCullough",F,95,"1508 Pine Street, Anniston, AL",1937-06-30T00:00:00Z,Margaret Fowler,Chambers county,32.9028048,-85.354965,"Anniston, AL", AL,-85.8368975,33.6640866
"Crockett, Emma",F,79,"6 miles northeast of Livingston, AL",1937-07-09T00:00:00Z,Ruby Pickens Tartt,"6 miles northeast of Livingston, AL",32.654239,-88.136311,"6 miles northeast of Livingston, AL", AL,-88.136311,32.654239
"Cross, Cheney",F,90,"Evergreen, AL",1937-05-29T00:00:00Z,Annie D. Dean,"Pine Flat, Butler County, AL",31.8381,-86.8903,"Evergreen, AL", AL,-86.9545924,31.4341907
"Daniel, Matilda Pugh",F,96,"Eufaula, AL",1937-05-13T00:00:00Z,Gertha Couric,"Eufaula, AL",31.8912717,-85.1454876,"Eufaula, AL", AL,-85.1454876,31.8912717
"Davis, Carrie",F,Unknown,"Smith's Station, Lee County, AL",1937-07-20T00:00:00Z,Preston Klein,"Harris County, GA",32.7032697,-84.8567932,"Smith's Station, Lee County, AL",AL,-85.0985473,32.5401393
"Davis, Clara",F,91,,1937-06-24T00:00:00Z,Francois Ludgere Diard,(just north of) Monroeville,31.5279399,-87.3247077,,,,
"Dillard, George",M,84,"Eutaw, AL",1937-06-02T00:00:00Z,Alice L. Barton,"Richmond, VA",37.5407246,-77.4360481,"Eutaw, AL", AL,-87.8875145,32.8406848
"Dilliard, Ella",F,Unknown,"756 Canal St, Mobile, AL",1937-09-09T00:00:00Z,Ila B. Prine,"Greensboro, AL",32.7045753,-87.5958396,"756 Canal St, Mobile, AL",AL,-88.0501221,30.6839795
"Dirt, Rufus",M,Unknown,"Birmingham, AL",1937-05-14T00:00:00Z,Woodrow Hand,"Tuscaloosa, AL",33.2098407,-87.5691735,"Birmingham, AL", AL,-86.80249,33.5206608
"Eppes, Katherine",F,87,"Uniontown, AL",1937-06-20T00:00:00Z,Susie R. O'Brien,"Faunsdale, AL",32.4598585,-87.5938938,"Uniontown, AL", AL,-87.5141687,32.4495804
"Fitzpatrick, Reuben",M,83,"Eugene St, Montgomery, AL",1937-05-04T00:00:00Z,Mabel Farrior,"Bullock County, AL",32.0573536,-85.7256372,"Montgomery, AL", AL,-86.3279482,32.3793179
"Ford, Heywood",M,Unknown,"Uniontown, AL",1937-06-03T00:00:00Z,Susie M. O'Brien,,,,"Uniontown, AL", AL,-87.5141687,32.4495804
"Frederick, Bert",M,80,"Opelika, AL",1937-06-07T00:00:00Z,Preston Klein,"Cumbers County, AL",,,"Opelika, AL", AL,-85.3782795,32.6454116
"Garlic, Delia",F,100,"Montgomery, AL",1937-05-09T00:00:00Z,Margaret Fowler,"Powhatan, VA",37.5415273,-77.9188239,"43 Stone St, Montgomery, AL", AL,-86.3181769,32.3682856
"Garrett, Angie",F,Unknown,"Livingston, AL",1937-06-15T00:00:00Z,Ruby Pickens Tartt,"De Kalb, MS",32.7676329,-88.6508784,"Livingston, AL", AL,-88.1872475,32.5843025
"Garry, Henry",M,Unknown,"Birmingham, AL",1937-06-08T00:00:00Z,W. F. Jordan,"Sumter County, AL",32.6155551,-88.2461183,"Courthouse, Birmingham, AL", AL,-86.808922,33.521189
Georgia,F,90,"Eufaula, AL",1937-04-27T00:00:00Z,Gertha Couric,"Elmoreland, AL",32.5387448,-86.3149712,"Eufaula, AL", AL,-85.1454876,31.8912717
"Gibson, Fanny",F,87,"Columbus, GA",1936-12-18T00:00:00Z,J. R. Jones,"Roanoke, AL",33.1512313,-85.3721708,"Columbus, GA", GA,-84.9877094,32.4609764
"Gill, Frank",M,Unknown,"Mobile, AL",1937-08-12T00:00:00Z,Ila B. Prine,"Vicksburg, MS",32.3526456,-90.877882,"708 South Hamilton St, Mobile, AL", AL,-88.0446398,30.6803716
"Gillard, Jim",M,Unknown,"Opelika, AL",1937-06-23T00:00:00Z,Preston Klein,"Pendleton, SC",34.6517733,-82.7837514,"Opelika, AL", AL,-85.3782795,32.6454116
"Grandberry, Mary Ella",F,90,"Sheffield, AL",1937-06-09T00:00:00Z,"Levi D. Shelby, Jr","Barton, AL",34.738611,-87.891111,"Sheffield, AL", AL,-87.6986407,34.7650887
"Green, Esther",F,Unknown,"Mobile, AL",1937-07-20T00:00:00Z,Ila B. Prine,"State Line, MS",31.4362794,-88.4744659,"554 Texas St, Mobile, AL", AL,-88.047585,30.676816
"Green, Jake",M,85,"Livingston, AL",1937-08-02T00:00:00Z,Ruby Pickens Tartt,"Coatopa, AL",32.4851379,-88.0694649,"Livingston, AL", AL,-88.1872475,32.5843025
"Grigsby, Charity",F,85,"Livingston, AL",1937-07-12T00:00:00Z,Ruby Pickens Tartt,"Sumterville, AL",32.7117999,-88.2389168,"Epes Road, Livingston, AL", AL,-88.0898098,32.6690513
"Hayes, Charles",M,Unknown,"Maysville, AL",1937-06-25T00:00:00Z,Mary A. Poole,"Day's Landing, AL",34.018553,-85.8396605,"Maysville, AL", AL,-86.43058,34.770172
"Hill, Lizzie",F,Unknown,"Eufaula, AL",1937-04-23T00:00:00Z,Gertha Couric,"Spurlock Plantation, AL",30.758394,-88.19475,"Eufaula, AL", AL,-85.1454876,31.8912717
"Hines, Gabe",M,100,"Eufaula, AL",1937-06-03T00:00:00Z,Gertha Couric,"Cusseta, GA",32.3061354,-84.7770485,"Eufaula, AL", AL,-85.1454876,31.8912717
"Hodges, Adeline",F,Unknown,"Mobile, AL",1937-07-23T00:00:00Z,Ila B. Prine,"Bolivar Counry, MS",33.8829962,-90.8294002,"Frye St, Mobile, AL", AL,-88.061166,30.677345
"Holland, Caroline",F,87,"Montgomery, AL",1937-05-12T00:00:00Z,Mabel Farrior,"Mt. Meigs, AL",32.3626393,-86.1019068,"3 Sharpe St, Montgomery, AL", AL,-86.2955766,32.3717201
"Holloway, Jane",F,Unknown,"Opelika, AL",1937-08-09T00:00:00Z,Preston Klein,North Alabama,32.3182314,-86.902298,"Opelika, AL", AL,-85.3782795,32.6454116
"Holmes, Joseph",M,Unknown,"Mobile, AL",1937-06-17T00:00:00Z,Ila B. Prine,"Henry County, VA",36.6588867,-79.9640339,"Grand Avenue, Prichard, Mobile, AL", AL,-88.0788889,30.7387998
"Horn, Josh",M,80,"Livingston, AL",1937-07-14T00:00:00Z,Ruby Pickens Tartt,"Livingston, AL",32.5843025,-88.1872475,"Livingston, AL", AL,-88.1872475,32.5843025
"Howard, Emma L.",F,Unknown,"Montgomery, AL",1937-06-02T00:00:00Z,Margaret Fowler,"Lowndes County, AL",32.221464,-86.6611083,"170 Elmwood St, Montgomery, AL", AL,-86.297167,32.366864
"Ingram, Everett",M,Unknown,"Opelika, AL",1937-08-02T00:00:00Z,Preston Klein,"Russell County, AL",32.3552497,-85.1894045,"Opelika, AL", AL,-85.3782795,32.6454116
"Irwin, Hannah",F,Unknown,"Eufaula, AL",1937-05-25T00:00:00Z,Gertha Couric,"Louisville, AL",31.7834963,-85.5557751,"Chewalla Creek, Eufaula, AL", AL,-85.1321538,31.8932161
"Jackson, Martha",F,86,"Livingston, AL",1937-06-17T00:00:00Z,Ruby Pickens Tartt,,,,"Livingston, AL", AL,-88.1872475,32.5843025
Jane,F,Unknown,"Georgiana, AL",1937-05-23T00:00:00Z,Mildred Scott Taylor,,,,"Georgiana, AL", AL,-86.7419175,31.6371028
"Johnson, Hilliard",M,79,"Livingston, AL",1937-07-13T00:00:00Z,Ruby Pickens Tartt,"Livingston, AL",32.5843025,-88.1872475,"Livingston, AL", AL,-88.1872475,32.5843025
"Johnson, Randolph",M,84,"Birmingham, AL",,Morgan Smith,,,,"Birmingham, AL", AL,-86.80249,33.5206608
"Jones, Abraham",M,112,"Village Springs, AL",1937-05-10T00:00:00Z,G. L. Clark,"Russell County, AL",32.3552497,-85.1894045,"Village Springs, AL", AL,-86.5144187,33.7668794
"Jones, Abraham",M,112,"Village Springs, AL",1937-05-10T00:00:00Z,G. L. Clark,"Grist Mill, Blount County, AL",33.674373,-86.655492,"Village Springs, AL", AL,-86.5144187,33.7668794
"Jones, Emma",F,83,"Opelika, AL",1937-06-06T00:00:00Z,Preston Klein,"Chattahoochee Valley, GA",32.2952274,-84.8150781,"Opelika, AL", AL,-85.3782795,32.6454116
"Jones, Hannah",F,Unknown,"Greensboro, AL",1937-06-25T00:00:00Z,John Morgan Smith,"Bunker Hill, VA",37.3592557,-78.2155046,"Tuscaloosa St, Greensboro, AL", AL,-87.595725,32.7107773
Josephine,F,94,"Eufaula, AL",1937-04-23T00:00:00Z,Gertha Couric,North GA,32.2808603,-83.4643056,"Eufaula, AL", AL,-85.1454876,31.8912717
"Jurdon, Lucindy Lawrence",F,79,"Lee County, AL",1937-07-21T00:00:00Z,Preston Klein,"Macon, GA",32.8406946,-83.6324022,"Lee County, AL", AL,-85.3962769,32.5888702
"Kimball, Lucy",F,85,"Mobile, AL",1937-06-04T00:00:00Z,Francois L. Diard,"Baldwin County, AL",30.6010744,-87.7763333,"Mobile, AL", AL,-88.0398912,30.6953657
"King, Ellen",F,86,"Mobile, AL",1937-09-09T00:00:00Z,Mary A. Poole,"Enterprise, MS",32.174314,-88.8314379,"Mauvilla, AL", AL,-88.186203,30.837202
"Leslie, Mandy",F,77,"Fairhope, AL",1937-07-15T00:00:00Z,Daphne L. E. Curtis,,,,"Fairhope, AL", AL,-87.9033261,30.5229719
"Lewis, Dellie",F,Unknown,,1937-05-26T00:00:00Z,Mary A. Poole,"Washington County, AL",31.3422346,-88.2461183,,,,
Lightning,M,Unknown,,1937-04-02T00:00:00Z,John Proctor Mills,"Cahaba, AL",32.9731116,-86.8931197,,,,
"Longslaughter, Billy Abraham",M,80,"Mobile, AL",1937-04-27T00:00:00Z,Francois L. Diard,"Richmond, VA",37.5407246,-77.4360481,"Louisville Wharf, AL", AL,-86.392524,30.385426
Louis,M,Unknown,"Mobile, AL",,David Holt,"Natchez, MI",31.5604442,-91.403171,"Mobile, AL", AL,-88.0398912,30.6953657
"McAlpin, Thomas",M,Unknown,"Birmingham, AL",1937-07-10T00:00:00Z,John Morgan Smith,"Martersville, AL",31.0991517,-87.4362756,"1928 Ave. D, Birmingham, AL", AL,-86.8982007,33.5134343
"Maddox, Anne",F,113,"Opelika, AL",1937-06-07T00:00:00Z,Preston Klein,VA,37.4315734,-78.6568942,"Opelika, AL", AL,-85.3782795,32.6454116
Mandy,F,Unknown,"Fairhope,AL ",1937-06-28T00:00:00Z,Daphne L. E. Curtis,,,,"Fairhope,AL ",AL ,-87.9033261,30.5229719
"Menefee, Frank",M,84,Opelika,1937-06-14T00:00:00Z,Preston Klein,"Loachapoka, AL",32.6043008,-85.5932854,Opelika,AL,-85.3782795,32.6454116
"Morgan, Isaam",M,83,"Mobile, AL",1937-10-11T00:00:00Z,Mary A. Poole,"Lotts Landing, AL",32.1412031,-88.0696456,"1657 Sligo St, Mobile, AL", AL,-88.078204,30.664069
"Morgan, Tony",M,105,"Mobile, AL",1937-04-20T00:00:00Z,Francois L. Diard,"Danville, KY",37.6456329,-84.7721702,"Mobile, AL", AL,-88.0398912,30.6953657
Mose,M,Unknown,"Georgiana, AL",1937-01-19T00:00:00Z,Mildred Scott Taylor,,,,"Georgiana, AL", AL,-86.7419175,31.6371028
"Murphy, Sally",F,82,"Lee County, AL",1937-08-02T00:00:00Z,Preston Klein,"Smith's Corners, AL",30.543118,-88.174559,"Lee County, AL", AL,-85.3962769,32.5888702
"Nettles, Hattie Anne",F,80,"Opelika, AL",1937-06-10T00:00:00Z,Preston Klein,"Tallapoosa, GA",33.7445499,-85.2880077,"Opelika, AL", AL,-85.3782795,32.6454116
"Northcross, W. E. ",M,96,"Tuscumbia, AL",1937-08-03T00:00:00Z,"Levi D. Shelby, Jr","Colbert County, AL",34.7117567,-87.8942451,"Tuscumbia, AL", AL,-87.70253,34.7312005
"Owens, Wade",M,73,"Opelika, AL",?/14/37,Preston Klein,"Loachapoka, AL",32.6043008,-85.5932854,"Opelika, AL", AL,-85.3782795,32.6454116
"Parker, Molly",F,85,"Lee County, AL",1937-09-09T00:00:00Z,Preston Klein,VA,37.4315734,-78.6568942,"Lee County, AL", AL,-85.3962769,32.5888702
"Patton, Lindy",F,86,"Eutaw, AL",?/10/37,Alice S. Barton,,,,"Greene County, AL", AL,-87.9334803,32.9718107
"Phillips, Simon",M,90,"Birmingham, AL",,John Morgan Smith,"Hale County, AL",32.7859102,-87.6186379,"Birmingham, AL", AL,-86.80249,33.5206608
"Pitts, Roxy",F,82,"Opelika, AL",?/37/37,Preston Klein,"Youngsboro, AL",33.377849,-86.958335,"Opelika, AL", AL,-85.3782795,32.6454116
"Pitts, Roxy",F,82,"Opelika, AL",?/37/37,Preston Klein,"Limekiln, AL",34.8016159,-87.5280697,"Opelika, AL", AL,-85.3782795,32.6454116
"Pollard, Carrie",F,78,"Gainesville, AL",1937-05-28T00:00:00Z,Ruby Pickens Tartt,"Gainesville, AL",32.8209639,-88.158914,"Gainesville, AL", AL,-88.158914,32.8209639
"Poole, Irene",F,85,"Uniontown, AL",1937-08-10T00:00:00Z,Susie O'Brien,"Uniontown, AL",32.4495804,-87.5141687,"Uniontown, AL", AL,-87.5141687,32.4495804
"Pugh, Nicey",F,Unknown,"Prichard, AL",?/25/37,Ila B. Prine,,,,"Prichard, AL", AL,-88.0788889,30.7387998
"Reynolds, Sallie",F,Unknown,"Mobile, AL",1937-07-20T00:00:00Z,Mary A. Poole,"Hiltown, GA (no longer exists on map)",32.1656221,-82.9000751,"552 South Conception St, Mobile, AL", AL,-88.0428004,30.678581
"Rice, Mary",F,92,"Eufaula, AL",1937-04-23T00:00:00Z,Gertha Couric,"Tuskegee, AL",32.430237,-85.7077266,"Eufaula, AL", AL,-85.1454876,31.8912717
"Robinson, Cornelia",F,Unknown,"Opelika, AL",1937-06-02T00:00:00Z,Preston Klein,"Lafayette, AL",32.899776,-85.4011588,"Opelika, AL", AL,-85.3782795,32.6454116
"Rogers, Gus ""Jabbo""",M,90,"Mobile, AL",1937-02-16T00:00:00Z,Mary A. Poole,"Salisbury, NC",35.6709727,-80.4742261,"Moffat Rd, Mobile, AL", AL,-88.315654,30.797543
"Scott, Janie",F,69,"Mobile, AL",1937-07-14T00:00:00Z,Mary A. Poole,"Tensaw, AL",31.156667,-87.799167,"255 South Lawrence St, Mobile, AL", AL,-88.045463,30.6845356
"Shepherd, Maugan",M,Unknown,"Eufaula, AL",1937-06-01T00:00:00Z,Gertha Couric,"Chestnut Hill, AL",31.8797215,-88.3211613,"Eufaula, AL", AL,-85.1454876,31.8912717
"Sims, Allen",M,Unknown,"Lee County, AL",1937-07-14T00:00:00Z,Preston Klein,"Lee County, AL",32.5888702,-85.3962769,"Lee County, AL", AL,-85.3962769,32.5888702
"Smith, Frank",M,89,"Birmingham, AL",,D A Oden,"Norfolk, VA",36.8507689,-76.2858726,"Birmingham, AL", AL,-86.80249,33.5206608
"Smith, John",M,93,"Uniontown, AL",1937-07-20T00:00:00Z,Susie O'Brien,NC,35.7595731,-79.0192997,"Uniontown, AL", AL,-87.5141687,32.4495804
"Stanton, Annie",F,84,"Mobile, AL",,Ila B. Prine,"Finchburg, AL",31.6426574,-87.5108251,"Ryland's Lane, Mobile, AL", AL,-88.067839,30.697187
"Stewart, Theodore Fontaine",M,100,"Eufaula, AL",1937-06-02T00:00:00Z,Gertha Couric,"Florence, GA",32.091065,-85.041367,"Eufaula, AL", AL,-85.1454876,31.8912717
"Strickland, George",M,91,"Opelika, AL",1937-06-15T00:00:00Z,Preston Klein,MS,32.3546679,-89.3985283,"Opelika, AL", AL,-85.3782795,32.6454116
"Taylor, Cull",M,78,"Mobile, AL",1937-07-30T00:00:00Z,Ila B. Prine,"Augusta County, AL",32.341766,-86.2909266,"364 N. Scott St, Mobile, AL", AL,-88.0542388,30.6934321
"Taylor, Daniel",M,Unknown,"Montgomery, AL",1937-05-31T00:00:00Z,John Proctor Mills,"Charleston, SC",32.7764749,-79.9310512,"Montgomery, AL", AL,-86.2999689,32.3668052
"Taylor, George",M,Unknown,"Mobile, AL",1937-08-16T00:00:00Z,Ila B. Prine,"Mobile, AL",30.6953657,-88.0398912,"409 South Hamilton St, Mobile, AL", AL,-88.044118,30.681799
"Tellis, Amanda",F,82,"Allenville, AL",,Ila B. Prine,"Grove Hill, AL",31.7087681,-87.7772218,"Allenville, AL", AL,-88.0788886,30.7029675
"Thomas, Ellen",F,89,"Mobile, AL",1937-10-11T00:00:00Z,Mary A. Poole,"Mobile, AL",30.6964406,-88.1803557,"310 Wienacker Ave, Mobile, AL", AL,-88.080523,30.676323
"Thomas, Elizabeth",F,100,"Montgomery, AL",1937-05-04T00:00:00Z,,,,,"2 Eugene St, Montgomery, AL", AL,-86.3279041,32.3775238
"Tillman, Mollie",F,87,"Uniontown, AL",1937-06-09T00:00:00Z,Susie O'Brien,"Rome, GA",34.257038,-85.1646726,"Uniontown, AL", AL,-87.5141687,32.4495804
"Toombs, Alonza Fantroy",M,86,"Eufaula, AL",1937-06-02T00:00:00Z,Gertha Couric,GA,32.1656221,-82.9000751,"Eufaula, AL", AL,-85.1454876,31.8912717
"Towns, William ""Bill"" Henry",M,82,"Tuscumbia, AL",1937-06-03T00:00:00Z,"Levi D. Shelby, Jr","Tuscumbia, AL",34.7312005,-87.70253,"Tuscumbia, AL", AL,-87.70253,34.7312005
"Underwood, Stepney",M,Unknown,,1937-05-07T00:00:00Z,John Morgan Smith,"Lowndes County, AL",32.221464,-86.6611083,,,,
"Van Dyke, Charlie",M,107,"Mobile, AL",1937-10-03T00:00:00Z,Mary A. Poole,NC,35.7595731,-79.0192997,"713 S Lawrence St, Mobile, AL", AL,-86.3058102,32.368089
"Walker, Lilah",F,Unknown,"Walker County, AL",1937-06-25T00:00:00Z,William B Strickland,,,,"Carbon Hill, Walker County, AL", AL,-87.5261236,33.8917742
"Walker, Simon",M,Unknown,"Birmingham, AL",1937-04-22T00:00:00Z,Ira S Jordan,"Forsyth, GA",33.0342974,-83.938242,"Birmingham, AL", AL,-86.80249,33.5206608
"Washington, Lucindia",F,Unknown,,?/2/37,Alice S. Barton,"Sumter County, AL",32.6155551,-88.2461183,,,,
"White, Eliza",F,80,"Opelika, AL",1937-05-27T00:00:00Z,Preston Klein,"Harris County, GA",32.7032697,-84.8567932,"Central of Georgia Railroad, Opelika, AL", AL,-85.9265999,33.0552268
"White, Mingo",M,Unknown,"Burleson, AL",1937-06-18T00:00:00Z,"Levi D. Shelby, Jr","Chester, SC",34.7048613,-81.2142561,"Burleson, AL", AL,-87.806417,34.136767
"Whitess, Abe",M,90,"Bay Minette, AL",,David Holt,"Butler County, MS",32.0895908,-88.2219652,"U.S. 31, Bay Minette, AL", AL,-87.7360042,30.8995615
"Williams, Callie",F,78,"Mobile, AL",1937-06-16T00:00:00Z,Mary A. Poole,,,,"504 Eslava St, Mobile, AL", AL,-88.046133,30.68502
"Witherspoon, Silvia",F,90,,1937-06-25T00:00:00Z,Susie O'Brien,"Jackson, MS",32.2987573,-90.1848103,,,,
"Young, George",M,91,"Livingston, AL",1937-06-03T00:00:00Z,Ruby Pickens Tartt,,,,"Livingston, AL", AL,-88.1872475,32.5843025